Sequence,Label
RRKPGRGKRRREQKRP,1
RRPKRGGKRRERKQRPDCKPRR,1
RRKPGRKGRRREQKPRDSPKRR,1
RRPKRGGKRRERKQRPDAVPRR,1
KCGRKGRCREKQRPDSKPRR,1
GKGRRKRRKEQRPCKDPRR,1
RRERKQRPCDPKRR,1
GKGRKRRREKQRSPKDRP,1
GKRGRKRRKEQRPSDKP,1
KGGRKRRREKQRPSDKPRR,1
RRKPRGAARAREQKRPSDKPRR,1
RRPKGRKGRAAAQKRPDSPKRR,1
AGGRKRRREKRQPSKDRPR,1
GKGRARRREKQRPSKDRPR,1
KGGAKRRRKERQSPDKPRR,1
GKRGAKRREKQRPSKDRPR,1
KGGRKRRREKGQPSDKRPR,1
KGGRRKRRKERQSPDAAPA,1
KGRGKRAAAERQSPDKPRR,1
GKGRKRAAKEQAPSKDPRR,1
AGGRARAAAEQRPSKDRPR,1
RRPKRGKGRRERQKRPSDAAAR,1
SKVRGKGKQGKRKRKKRSYK,1
NGRKISDLLRAPLYKKIIKKLLES,1
RRPKRGKGRRREKQRP,1
RRPKGRGKRRREQKRPCDKPRR,1
RRPKGRKGRRERKQPRDSPKRR,1
RRPKGRKGRRREQKPRDAVPRR,1
KCGRGKCRERQKRPSDPKRR,1
KGGRKRRREKRQCPDKRPR,1
RRERQKPRCDKPRR,1
KGGRRKRRKERQPSKDRP,1
KGGRRKRRKEQRPSKDP,1
GKRGKRRREKQRSPDKPRR,1
RRKPGRAARAERKQRPDSPKRR,1
RRPKRGKGRAAAQKRPSDKPRR,1
AGGRRKRREKQRPSDKRPR,1
KGGRARRREKQRPSKDRPR,1
KGAGKRRRKEQRPSDKPRR,1
KGGRKARREKRQPSKDPRR,1
KGRGRKRRKEQGSPDKPRR,1
KGRGRKRRKERQSPDAPAA,1
GKRGKRAAEAQRSPKDRPR,1
KGGRRKAAEKAQPSDKPRR,1
GAGRRAAAEARQPSDKPRR,1
RRPKRGKGRRERQKPRDSAARA,1
KSVRKGGKGQKRKRKKSRKY,1
GNRKISDLLRAPLYKKIIKKLLES,1
RRPKRGGKRRREQKPR,1
RRKPGRGKRRREKQRPCDKPRR,1
RRPKGRKGRRREQKRPDSPKRR,1
CKRGGKCRREQKRPSDKPRR,1
KGGRRKRREKRQPCKDRPR,1
RRERQKRPCDPKRR,1
KGGRKRRREKQRPSDKPR,1
GKRGKRRRKERQSPDKP,1
GKRGRKRRKEQRSPDKPRR,1
RRKPGRAAARREKQPRDSPKRR,1
RRKPGRGKARAAQKRPDSPKRR,1
GAGRRKRREKQRSPKDRPR,1
GKRGARRREKQRSPKDPRR,1
KGAGKRRRKEQRSPKDRPR,1
GKGRAKRRKEQRSPKDPRR,1
KGGRKRRRKEGQPSDKPRR,1
GKRGKRRREKRQSPADAPA,1
KGRGKRAAAEQRSPKDPRR,1
GKGRRKAAEKQAPSKDRPR,1
GAGRARAAAERQPSKDRPR,1
RRPKGRGKRRREQKRPSDAAAR,1
SKVRGKKGGQRKRKKKRSYK,1
GNKRISLDLRPALYKKIIKKLLES,1
RRPKRGKGRRREQKPR,1
RRPKRGGKRRREQKPRDCPKRR,1
RRKPGRGKRRERQKRPSDKPRR,1
RRPKRGKGRRERQKPRDAPVRR,1
CKRGGKCRERKQPRSDPKRR,1
GKRGKRRRKEQRCPDKPRR,1
RRREKQRPDCPKRR,1
GKRGKRRREKQRSPDKRP,1
KGGRKRRRKEQRSPKDP,1
GKGRKRRREKQRPSDKPRR,1
RRKPGRAAARREKQPRSDPKRR,1
RRPKRGKGARAAQKPRSDKPRR,1
AGGRRKRREKQRSPDKRPR,1
KGGRARRREKQRPSKDPRR,1
KGGARKRREKQRPSKDPRR,1
KGRGAKRRKEQRSPKDRPR,1
KGGRRKRRKEGQPSDKRPR,1
KGGRRKRRKEQRPSADPAA,1
GKGRKRAAEAQRPSDKPRR,1
GKRGKRAAEKAQSPKDPRR,1
AGGRARAAEARQPSKDPRR,1
RRPKGRGKRRERQKPRDSAAAR,1
SKRVGKKGQGKRKRKKRSKY,1
NGRKISLDRLPALYKKIIKKLLSE,1
RRPKGRGKRRREQKPR,1
RRKPGRKGRRREKQRPCDKPRR,1
RRKPRGGKRRREKQPRSDKPRR,1
RRPKRGGKRRREKQRPADVPRR,1
KCRGKGRCREKQPRSDPKRR,1
GKRGKRRREKQRPCKDPRR,1
KGGRRKRREKQRPSDKPR,1
GKRGRKRREKQRPSDKP,1
KGRGKRRRKERQPSKDPRR,1
RRKPRGAARAREKQPRDSKPRR,1
RRKPGRKGRAAAKQRPDSPKRR,1
AGGRKRRREKQRPSDKRPR,1
KGRGARRREKRQPSKDPRR,1
GKAGKRRREKRQPSKDPRR,1
GKGRKARREKRQSPKDPRR,1
KGGRRKRRKEQGSPDKRPR,1
GKRGRKRRKEQRPSDAAPA,1
GKGRRKAAAEQRPSDKPRR,1
GKGRRKAAKEAQPSDKPRR,1
GARGARAAEARQPSDKPRR,1
KSRVKGGKGQKRRKKKRSKY,1
NGRKISLDLRPALYKKIIKKLLES,1
RRKPRGKGRRREQKRP,1
RRKPGRGKRRERKQRPDCPKRR,1
RRPKGRGKRRREQKRPDSPKRR,1
RRPKGRKGRRREKQPRDAPVRR,1
CKGRGKCRERKQRPSDKPRR,1
KGRGKRRREKRQPCKDPRR,1
RRERQKRPDCKPRR,1
KGRGKRRREKRQSPDKRP,1
KGRGRKRREKQRSPKDP,1
KGGRRKRREKQRPSDKPRR,1
RRPKGRAAARREKQRPSDPKRR,1
RRKPGRGKRAAAKQRPDSKPRR,1
AGGRKRRREKQRPSKDPRR,1
KGGRRARRKEQRPSKDPRR,1
KGGAKRRREKQRPSKDPRR,1
KGGRKARRKEQRPSKDRPR,1
KGRGKRRRKEGQPSDKRPR,1
KGGRKRRRKEQRPSADAPA,1
KGRGRKAAAEQRPSDKRPR,1
GKRGRKAAEKQAPSDKPRR,1
GARGARAAEAQRPSDKPRR,1
RRKPRGKGRRERKQRPSDAARA,1
KSRVGKGKGQKRKRKKRSKY,1
NGKRSIDLRLAPLYKKIIKKLLES,1
RRPKGRGKRRERQKRP,1
RRPKGRGKRRREKQRPDCKPRR,1
RRPKRGGKRRREKQPRDSKPRR,1
RRPKGRGKRRREKQRPADPVRR,1
CKGRGKRCREKQRPSDKPRR,1
KGGRKRRRKEQRPCKDRPR,1
RRREKQPRCDPKRR,1
KGRGRKRREKRQSPDKRP,1
GKGRRKRREKQRPSDKRPR,1
RRPKRGAARAREKQRPSDKPRR,1
RRPKGRGKARAAKQPRSDKPRR,1
AGRGKRRRKEQRSPDKPRR,1
KGGRRARREKQRSPDKPRR,1
GKAGKRRREKRQPSDKPRR,1
GKGRKARRKERQPSKDPRR,1
GKRGRKRRKEQGPSKDPRR,1
KGRGKRRREKRQPSADPAA,1
KGRGRKAAAERQPSKDPRR,1
GKGRKRAAKEQAPSDKPRR,1
GARGRAAAEAQRSPKDPRR,1
RRKPRGGKRRERKQRPSDAARA,1
KSVRGKGKQGKRKRKKRSYK,1
NGRKISLDLRAPYLKKIIKKLLES,1
RRKPRGGKRRREKQPR,1
RRKPGRKGRRREQKRPCDKPRR,1
RRPKGRGKRRERKQRPSDKPRR,1
RRKPGRKGRRERKQRPDAPVRR,1
CKRGGKRCREKQPRDSKPRR,1
KGGRRKRRKEQRPCKDPRR,1
RRERKQPRCDPKRR,1
GKGRKRRREKQRPSDKPR,1
GKRGKRRREKRQSPDKP,1
KGRGKRRREKQRPSDKPRR,1
RRKPGRAAARREQKRPSDPKRR,1
RRPKRGGKRAAAKQRPDSKPRR,1
AGGRKRRRKEQRPSKDPRR,1
GKGRARRREKQRSPKDPRR,1
GKGARKRREKQRPSDKRPR,1
KGGRAKRREKQRPSDKPRR,1
GKRGKRRRKEGQPSDKPRR,1
GKGRRKRREKQRPSADPAA,1
KGRGKRAAAEQRPSKDPRR,1
GKGRRKAAEKAQPSDKPRR,1
AGRGARAAAEQRPSDKPRR,1
RRKPRGKGRRREKQPRSDAAAR,1
KSRVGKKGQGKRKRKKSRYK,1
GNRKSIDLLRAPYLKKIIKKLLES,1
RRPKGRGKRRERKQPR,1
RRPKRGGKRRREKQRPCDKPRR,1
RRPKRGGKRRREQKRPSDKPRR,1
RRPKGRGKRRREKQRPADVPRR,1
KCGRKGCRREKQRPSDKPRR,1
GKGRKRRREKQRPCKDPRR,1
KGGRKRRREKRQSPDKPR,1
KGGRKRRREKQRPSDKP,1
KGGRKRRREKQRSPKDPRR,1
RRKPGRAAARREKQPRSDKPRR,1
RRPKGRKGRAAAQKPRSDKPRR,1
GARGRKRREKRQPSDKPRR,1
KGRGARRREKRQSPDKRPR,1
GKAGRKRREKQRPSDKRPR,1
KGRGKARREKRQSPDKPRR,1
GKRGRKRRKEQGPSDKPRR,1
GKRGKRRREKQRSPDAPAA,1
GKRGKRAAAEQRPSKDPRR,1
KGRGKRAAEKQAPSDKPRR,1
GARGARAAAEQRPSDKRPR,1
RRKPGRGKRRREQKRPDSAAAR,1
KSVRGKGKGQRKKRKKSRYK,1
GNKRISLDLRAPLYKKIIKKLLES,1
RRPKGRGKRRREKQRP,1
RRKPGRGKRRREKQRPCDPKRR,1
RRPKGRGKRRREQKPRSDKPRR,1
RRPKGRGKRRREKQPRDAVPRR,1
KGRGKRRREKRQPCDKRPR,1
RRREKQPRDCKPRR,1
KGRGRKRREKQRPSDKRP,1
GKRGKRRREKQRPSKDP,1
KGRGKRRREKRQSPDKPRR,1
RRPKGRGKRAAAKQRPSDKPRR,1
KGGAKRRRKEQRPSDKPRR,1
KGRGAKRREKQRPSDKRPR,1
GKRGKRRREKQGPSKDPRR,1
GKRGKRAAAEQRPSDKPRR,1
KGGRKRAAEKAQPSDKPRR,1
GARGARAAEAQRPSKDPRR,1
RRPKRGGKRRERKQRPSDAAAR,1
KSRVGKGKGQKRKRKKSRKY,1
GNRKSILDLRAPLYKKIIKKLLES,1
RRPKGRGKRRREKQPR,1
RRPKGRKGRRREKQRPCDKPRR,1
RRPKGRGKRRREKQRPDAPVRR,1
CKGRGKRCREQKRPSDKPRR,1
KGRGKRRREKQRPCDKPRR,1
RRREKQRPCDPKRR,1
GKRGKRRREKQRPSDKPR,1
KGRGKRRREKQRPSDKP,1
RRPKGRAAARREKQRPDSKPRR,1
RRPKGRGKARAAKQRPSDKPRR,1
AGRGKRRREKQRPSKDPRR,1
KGRGARRREKRQPSDKPRR,1
KGAGKRRREKQRPSDKRPR,1
KGRGKARREKQRPSDKPRR,1
KGGRKRRREKQGPSDKPRR,1
KGGRKRRREKQRPSDAPAA,1
KGRGKRAAEAQRPSDKRPR,1
KGRGRKAAEKQAPSDKPRR,1
AGRGARAAEAQRSPDKPRR,1
RRPKRGGKRRREKQRPSDAAAR,1
KSVRGKGKGQKRKRKKRSYK,1
NGKRISLDLRAPLYKKIIKKLLES,1
RRPKGRGKRRREKQRPCDKPRR,1
RRPKGRGKRRREKQRPSDKPRR,1
RRPKGRGKRRREKQRPDAVPRR,1
RRREKQRPCDKPRR,1
KGRGKRRREKQRPSDKPR,1
RRPKGRAAARREKQRPSDKPRR,1
AGRGKRRREKQRPSDKPRR,1
KGRGARRREKQRPSDKPRR,1
KGAGKRRREKQRPSDKPRR,1
KGRGKRRREKQGPSDKPRR,1
KGRGKRRREKQRPSDAPAA,1
KGRGKRAAEAQRPSDKPRR,1
AGRGARAAEAQRPSDKPRR,1
RRPKGRGKRRREKQRPSDAAAR,1
KSVRGKGKGQKRKRKKSRYK,1
NGRKISLDLRAPLYKKIIKKLLES,1
